AAA46477.1,11795,Viruses; Riboviria; Pararnavirae; Artverviricota; Revtraviricetes; Ortervirales; Retroviridae; Orthoretrovirinae; Gammaretrovirus; Murine leukemia virus,Friend murine leukemia virus
AAC55975.1,11099,Viruses; Riboviria; Orthornavirae; Kitrinoviricota; Flasuviricetes; Amarillovirales; Flaviviridae; Pestivirus; Pestivirus bovis,Bovine viral diarrhea virus 1
AAD02414.1,6183,cellular organisms; Eukaryota; Opisthokonta; Metazoa; Eumetazoa; Bilateria; Protostomia; Spiralia; Lophotrochozoa; Platyhelminthes; Trematoda; Digenea; Strigeidida; Schistosomatoidea; Schistosomatidae; Schistosoma,Schistosoma mansoni
AAD47817.1,12242,Viruses; Riboviria; Orthornavirae; Kitrinoviricota; Alsuviricetes; Martellivirales; Virgaviridae; Tobamovirus,Tobacco mosaic virus
AAF29594.1,77763,Viruses; Riboviria; Orthornavirae; Duplornaviricota; Resentoviricetes; Reovirales; Sedoreoviridae; Seadornavirus,Banna virus
AAF29595.1,77763,Viruses; Riboviria; Orthornavirae; Duplornaviricota; Resentoviricetes; Reovirales; Sedoreoviridae; Seadornavirus,Banna virus
AAF80604.1,12242,Viruses; Riboviria; Orthornavirae; Kitrinoviricota; Alsuviricetes; Martellivirales; Virgaviridae; Tobamovirus,Tobacco mosaic virus
AAH69831.1,7955,cellular organisms; Eukaryota; Opisthokonta; Metazoa; Eumetazoa; Bilateria; Deuterostomia; Chordata; Craniata; Vertebrata; Gnathostomata; Teleostomi; Euteleostomi; Actinopterygii; Actinopteri; Neopterygii; Teleostei; Osteoglossocephalai; Clupeocephala; Otomorpha; Ostariophysi; Otophysi; Cypriniphysae; Cypriniformes; Cyprinoidei; Danionidae; Danioninae; Danio,Danio rerio
AAN80032.1,199310,cellular organisms; Bacteria; Pseudomonadota; Gammaproteobacteria; Enterobacterales; Enterobacteriaceae; Escherichia; Escherichia coli,Escherichia coli CFT073
AAT45072.1,77763,Viruses; Riboviria; Orthornavirae; Duplornaviricota; Resentoviricetes; Reovirales; Sedoreoviridae; Seadornavirus,Banna virus
AAZ87712.1,300269,cellular organisms; Bacteria; Pseudomonadota; Gammaproteobacteria; Enterobacterales; Enterobacteriaceae; Shigella; Shigella sonnei,Shigella sonnei Ss046
ABB89048.1,359302,Viruses; Riboviria; unclassified Riboviria; unclassified ssRNA viruses; unclassified ssRNA positive-strand viruses; Acyrthosiphon pisum virus,Rosy apple aphid virus
ABD78847.1,8843,cellular organisms; Eukaryota; Opisthokonta; Metazoa; Eumetazoa; Bilateria; Deuterostomia; Chordata; Craniata; Vertebrata; Gnathostomata; Teleostomi; Euteleostomi; Sarcopterygii; Dipnotetrapodomorpha; Tetrapoda; Amniota; Sauropsida; Sauria; Archelosauria; Archosauria; Dinosauria; Saurischia; Theropoda; Coelurosauria; Aves; Neognathae; Galloanserae; Anseriformes; Anatidae; Anserinae; Anser,Anser anser
ABF04930.1,373384,cellular organisms; Bacteria; Pseudomonadota; Gammaproteobacteria; Enterobacterales; Enterobacteriaceae; Shigella; Shigella flexneri; Shigella flexneri 5,Shigella flexneri 5 str. 8401
AEE59689.1,696406,cellular organisms; Bacteria; Pseudomonadota; Gammaproteobacteria; Enterobacterales; Enterobacteriaceae; Escherichia; Escherichia coli,Escherichia coli UMNK88
AEG78435.1,94232,cellular organisms; Eukaryota; Opisthokonta; Metazoa; Eumetazoa; Bilateria; Deuterostomia; Chordata; Craniata; Vertebrata; Gnathostomata; Teleostomi; Euteleostomi; Actinopterygii; Actinopteri; Neopterygii; Teleostei; Osteoglossocephalai; Clupeocephala; Euteleosteomorpha; Neoteleostei; Eurypterygia; Ctenosquamata; Acanthomorphata; Euacanthomorphacea; Percomorphaceae; Eupercaria; Perciformes; Serranoidei; Serranidae; Epinephelinae; Epinephelini; Epinephelus,Epinephelus coioides
AGL73185.1,2713663,Viruses; Riboviria; Orthornavirae; Pisuviricota; Pisoniviricetes; Nidovirales; Mesnidovirineae; Mesoniviridae; Hexponivirinae; Alphamesonivirus; Namcalivirus; Alphamesonivirus 1,Alphamesonivirus 1 Ngewotan
AGL73186.1,2713663,Viruses; Riboviria; Orthornavirae; Pisuviricota; Pisoniviricetes; Nidovirales; Mesnidovirineae; Mesoniviridae; Hexponivirinae; Alphamesonivirus; Namcalivirus; Alphamesonivirus 1,Alphamesonivirus 1 Ngewotan
AGL73201.1,1332246,Viruses; Riboviria; Orthornavirae; Pisuviricota; Pisoniviricetes; Nidovirales; Mesnidovirineae; Mesoniviridae; Hexponivirinae; Alphamesonivirus; Namcalivirus; Alphamesonivirus 1,Houston virus
AGL73201.1,1332246,Viruses; Riboviria; Orthornavirae; Pisuviricota; Pisoniviricetes; Nidovirales; Mesnidovirineae; Mesoniviridae; Hexponivirinae; Alphamesonivirus; Namcalivirus; Alphamesonivirus 1,Houston virus
AGW51768.2,2598991,Viruses; Riboviria; Orthornavirae; Lenarviricota; Amabiliviricetes; Wolframvirales; Narnaviridae; unclassified Narnaviridae,Ochlerotatus-associated narna-like virus 2
AGW51782.2,2598991,Viruses; Riboviria; Orthornavirae; Lenarviricota; Amabiliviricetes; Wolframvirales; Narnaviridae; unclassified Narnaviridae,Ochlerotatus-associated narna-like virus 2
AHA43394.1,325676,Viruses; Riboviria; Orthornavirae; Pisuviricota; Pisoniviricetes; Nidovirales; Mesnidovirineae; Mesoniviridae; Hexponivirinae; Alphamesonivirus; Namcalivirus; Alphamesonivirus 1,Nam Dinh virus
AHA68739.1,754093,cellular organisms; Bacteria; Pseudomonadota; Gammaproteobacteria; Enterobacterales; Enterobacteriaceae; Shigella; Shigella dysenteriae,Shigella dysenteriae 1617
AHF50205.1,77763,Viruses; Riboviria; Orthornavirae; Duplornaviricota; Resentoviricetes; Reovirales; Sedoreoviridae; Seadornavirus,Banna virus
AIP97129.1,1386967,cellular organisms; Bacteria; Pseudomonadota; Gammaproteobacteria; Enterobacterales; Enterobacteriaceae; Salmonella; Salmonella enterica; Salmonella enterica subsp. arizonae; Salmonella enterica subsp. arizonae serovar 62:z36:-,Salmonella enterica subsp. arizonae serovar 62:z36:- str. RKS2983
AIS22794.1,1550570,other entries; other sequences; artificial sequences; vectors,synthetic vector pCOLA-AraC-pBAD-T7_RNAP(515-884)-UmuD-T7RNAP(1-514)
AMO47108.1,1692238,cellular organisms; Bacteria; Pseudomonadota; Gammaproteobacteria; Enterobacterales; Enterobacteriaceae; Enterobacter; unclassified Enterobacter,Enterobacter sp. FY-07
APG75627.1,1922926,Viruses; Riboviria; unclassified Riboviria; unclassified RNA viruses ShiM-2016,Hubei mosquito virus 2
APG76308.1,1922928,Viruses; Riboviria; unclassified Riboviria; unclassified RNA viruses ShiM-2016,Hubei mosquito virus 4
APG76979.1,1923779,Viruses; Riboviria; unclassified Riboviria; unclassified RNA viruses ShiM-2016,Zhejiang mosquito virus 3
APG76980.1,1923779,Viruses; Riboviria; unclassified Riboviria; unclassified RNA viruses ShiM-2016,Zhejiang mosquito virus 3
APG77145.1,1923779,Viruses; Riboviria; unclassified Riboviria; unclassified RNA viruses ShiM-2016,Zhejiang mosquito virus 3
APG77439.1,209529,Viruses; Riboviria; Orthornavirae; Pisuviricota; Pisoniviricetes; Picornavirales; Dicistroviridae; Cripavirus; Cripavirus mortiferum,Aphid lethal paralysis virus
APG77458.1,1922835,Viruses; Riboviria; unclassified Riboviria; unclassified RNA viruses ShiM-2016,Hubei arthropod virus 1
APG77989.1,1922770,Viruses; Riboviria; unclassified Riboviria; unclassified RNA viruses ShiM-2016,Changjiang crawfish virus 6
APG78496.1,1923634,Viruses; Riboviria; unclassified Riboviria; unclassified RNA viruses ShiM-2016,Wenzhou picorna-like virus 47
APG79296.1,1922888,Viruses; Riboviria; unclassified Riboviria; unclassified RNA viruses ShiM-2016,Hubei diptera virus 7
API61901.1,1925777,Viruses; unclassified viruses,Biggievirus Mos11
APT70977.1,11099,Viruses; Riboviria; Orthornavirae; Kitrinoviricota; Flasuviricetes; Amarillovirales; Flaviviridae; Pestivirus; Pestivirus bovis,Bovine viral diarrhea virus 1
APT71071.1,11099,Viruses; Riboviria; Orthornavirae; Kitrinoviricota; Flasuviricetes; Amarillovirales; Flaviviridae; Pestivirus; Pestivirus bovis,Bovine viral diarrhea virus 1
APX42443.1,470,cellular organisms; Bacteria; Pseudomonadota; Gammaproteobacteria; Moraxellales; Moraxellaceae; Acinetobacter; Acinetobacter calcoaceticus/baumannii complex,Acinetobacter baumannii
ARQ15945.1,1170421,Viruses; Riboviria; unclassified Riboviria; unclassified ssRNA viruses; unclassified ssRNA positive-strand viruses; Negevirus,Dezidougou virus
ASA47287.1,2010272,Viruses; Riboviria; Orthornavirae; Negarnaviricota; Haploviricotina; Monjiviricetes; Mononegavirales; Xinmoviridae; Doupovirus; Doupovirus australiaense,Culex mononega-like virus 2
ASA47289.1,2010272,Viruses; Riboviria; Orthornavirae; Negarnaviricota; Haploviricotina; Monjiviricetes; Mononegavirales; Xinmoviridae; Doupovirus; Doupovirus australiaense,Culex mononega-like virus 2
ASA47290.1,2010272,Viruses; Riboviria; Orthornavirae; Negarnaviricota; Haploviricotina; Monjiviricetes; Mononegavirales; Xinmoviridae; Doupovirus; Doupovirus australiaense,Culex mononega-like virus 2
ASA47292.1,2010272,Viruses; Riboviria; Orthornavirae; Negarnaviricota; Haploviricotina; Monjiviricetes; Mononegavirales; Xinmoviridae; Doupovirus; Doupovirus australiaense,Culex mononega-like virus 2
ASA47301.1,2010273,Viruses; unclassified viruses,Culex negev-like virus 1
ASA47340.1,1923779,Viruses; Riboviria; unclassified Riboviria; unclassified RNA viruses ShiM-2016,Zhejiang mosquito virus 3
ASA47365.1,2010276,Viruses; Riboviria; Orthornavirae; Negarnaviricota; Polyploviricotina; Ellioviricetes; Bunyavirales; Phasmaviridae; Orthophasmavirus; Orthophasmavirus culicis,Culex phasma-like virus
ASA47389.1,1923779,Viruses; Riboviria; unclassified Riboviria; unclassified RNA viruses ShiM-2016,Zhejiang mosquito virus 3
ASA47400.1,2010276,Viruses; Riboviria; Orthornavirae; Negarnaviricota; Polyploviricotina; Ellioviricetes; Bunyavirales; Phasmaviridae; Orthophasmavirus; Orthophasmavirus culicis,Culex phasma-like virus
ASA47480.1,1923779,Viruses; Riboviria; unclassified Riboviria; unclassified RNA viruses ShiM-2016,Zhejiang mosquito virus 3
ASO76343.1,7109,cellular organisms; Eukaryota; Opisthokonta; Metazoa; Eumetazoa; Bilateria; Protostomia; Ecdysozoa; Panarthropoda; Arthropoda; Mandibulata; Pancrustacea; Hexapoda; Insecta; Dicondylia; Pterygota; Neoptera; Endopterygota; Amphiesmenoptera; Lepidoptera; Glossata; Neolepidoptera; Heteroneura; Ditrysia; Obtectomera; Noctuoidea; Noctuidae; Amphipyrinae; Spodoptera,Spodoptera littoralis
ATS98815.1,149539,cellular organisms; Bacteria; Pseudomonadota; Gammaproteobacteria; Enterobacterales; Enterobacteriaceae; Salmonella; Salmonella enterica; Salmonella enterica subsp. enterica,Salmonella enterica subsp. enterica serovar Enteritidis
ATW01053.1,2053815,Viruses; Riboviria; Orthornavirae; Negarnaviricota; Haploviricotina; Monjiviricetes; Mononegavirales; Rhabdoviridae; unclassified Rhabdoviridae,Merida-like virus Turkey
ATW01053.1,2053815,Viruses; Riboviria; Orthornavirae; Negarnaviricota; Haploviricotina; Monjiviricetes; Mononegavirales; Rhabdoviridae; unclassified Rhabdoviridae,Merida-like virus Turkey
ATW01054.1,2053815,Viruses; Riboviria; Orthornavirae; Negarnaviricota; Haploviricotina; Monjiviricetes; Mononegavirales; Rhabdoviridae; unclassified Rhabdoviridae,Merida-like virus Turkey
AWJ96716.1,1803034,Viruses; Riboviria; Orthornavirae; Negarnaviricota; Haploviricotina; Monjiviricetes; Mononegavirales; Rhabdoviridae; Alpharhabdovirinae; Merhavirus; Merhavirus merida,Merida virus
AWW13453.1,2230910,Viruses; Riboviria; Orthornavirae; Negarnaviricota; Haploviricotina; Monjiviricetes; Mononegavirales; Xinmoviridae; Gylbovirus; Gylbovirus aagae,Aedes anphevirus
AXA10412.1,562,cellular organisms; Bacteria; Pseudomonadota; Gammaproteobacteria; Enterobacterales; Enterobacteriaceae; Escherichia,Escherichia coli
AXC33998.1,2234085,Viruses; Duplodnaviria; Heunggongvirae; Uroviricota; Caudoviricetes; Straboviridae; Tevenvirinae; Tequatrovirus; Tequatrovirus ecombl75,Escherichia phage vB_EcoM_JB75
AXQ04763.1,2304515,Viruses; Riboviria; Orthornavirae; Negarnaviricota; Haploviricotina; Monjiviricetes; Mononegavirales; Rhabdoviridae; unclassified Rhabdoviridae,Culex rhabdovirus
AXQ04782.1,2304478,Viruses; Riboviria; Orthornavirae; Pisuviricota; Pisoniviricetes; Picornavirales; Iflaviridae; unclassified Iflaviridae,Culex Iflavi-like virus 2
AXV43888.1,2315809,Viruses; Riboviria; Orthornavirae; Pisuviricota; Pisoniviricetes; Picornavirales; Iflaviridae; unclassified Iflaviridae,Yongsan iflavirus 1
AXV43892.1,2315809,Viruses; Riboviria; Orthornavirae; Pisuviricota; Pisoniviricetes; Picornavirales; Iflaviridae; unclassified Iflaviridae,Yongsan iflavirus 1
AXV47609.1,573,cellular organisms; Bacteria; Pseudomonadota; Gammaproteobacteria; Enterobacterales; Enterobacteriaceae; Klebsiella/Raoultella group; Klebsiella,Klebsiella pneumoniae
BAR91509.1,1170424,Viruses; Riboviria; unclassified Riboviria; unclassified ssRNA viruses; unclassified ssRNA positive-strand viruses; Negevirus,Negev virus
BAS69362.1,1615760,Viruses; Riboviria; unclassified Riboviria; unclassified ssRNA viruses; unclassified ssRNA positive-strand viruses; Negevirus,Negevirus Nona 1
BAU46575.1,936308,Viruses; Riboviria; Orthornavirae; Negarnaviricota; Haploviricotina; Monjiviricetes; Mononegavirales; Rhabdoviridae; Alpharhabdovirinae; Merhavirus; Merhavirus tritaeniorhynchus,Culex tritaeniorhynchus rhabdovirus
BBN23632.1,2606253,Viruses; Riboviria; Orthornavirae; Pisuviricota; Pisoniviricetes; Nidovirales; Mesnidovirineae; Mesoniviridae; Hexponivirinae; Alphamesonivirus; unclassified Alphamesonivirus,Odorna virus
BBQ04778.1,1922926,Viruses; Riboviria; unclassified Riboviria; unclassified RNA viruses ShiM-2016,Hubei mosquito virus 2
BDV27071.1,2315809,Viruses; Riboviria; Orthornavirae; Pisuviricota; Pisoniviricetes; Picornavirales; Iflaviridae; unclassified Iflaviridae,Yongsan iflavirus 1
BDV27079.1,1922926,Viruses; Riboviria; unclassified Riboviria; unclassified RNA viruses ShiM-2016,Hubei mosquito virus 2
CAD6023351.1,562,cellular organisms; Bacteria; Pseudomonadota; Gammaproteobacteria; Enterobacterales; Enterobacteriaceae; Escherichia,Escherichia coli
CAD6024260.1,562,cellular organisms; Bacteria; Pseudomonadota; Gammaproteobacteria; Enterobacterales; Enterobacteriaceae; Escherichia,Escherichia coli
CAD67691.1,221918,Viruses; Riboviria; Orthornavirae; Kitrinoviricota; Flasuviricetes; Amarillovirales; Flaviviridae; Pestivirus; Pestivirus bovis; Bovine viral diarrhea virus isolates and strains,Bovine viral diarrhea virus VEDEVAC
CAF1406036.1,392033,cellular organisms; Eukaryota; Opisthokonta; Metazoa; Eumetazoa; Bilateria; Protostomia; Spiralia; Gnathifera; Rotifera; Eurotatoria; Bdelloidea; Rotaria,Rotaria sordida
CAF1480574.1,433720,cellular organisms; Eukaryota; Opisthokonta; Metazoa; Eumetazoa; Bilateria; Protostomia; Spiralia; Gnathifera; Rotifera; Eurotatoria; Bdelloidea; Adinetida; Adinetidae; Adineta,Adineta steineri
CAF3803863.1,392030,cellular organisms; Eukaryota; Opisthokonta; Metazoa; Eumetazoa; Bilateria; Protostomia; Spiralia; Gnathifera; Rotifera; Eurotatoria; Bdelloidea; Rotaria,Rotaria magnacalcarata
CAF4252922.1,392033,cellular organisms; Eukaryota; Opisthokonta; Metazoa; Eumetazoa; Bilateria; Protostomia; Spiralia; Gnathifera; Rotifera; Eurotatoria; Bdelloidea; Rotaria,Rotaria sordida
CAF4587301.1,2762512,cellular organisms; Eukaryota; Opisthokonta; Metazoa; Eumetazoa; Bilateria; Protostomia; Spiralia; Gnathifera; Rotifera; Eurotatoria; Bdelloidea; Rotaria; unclassified Rotaria,Rotaria sp. Silwood2
CAF4695467.1,2762512,cellular organisms; Eukaryota; Opisthokonta; Metazoa; Eumetazoa; Bilateria; Protostomia; Spiralia; Gnathifera; Rotifera; Eurotatoria; Bdelloidea; Rotaria; unclassified Rotaria,Rotaria sp. Silwood2
CAF4926538.1,2762511,cellular organisms; Eukaryota; Opisthokonta; Metazoa; Eumetazoa; Bilateria; Protostomia; Spiralia; Gnathifera; Rotifera; Eurotatoria; Bdelloidea; Rotaria; unclassified Rotaria,Rotaria sp. Silwood1
CAG7786889.1,39272,cellular organisms; Eukaryota; Opisthokonta; Metazoa; Eumetazoa; Bilateria; Protostomia; Ecdysozoa; Panarthropoda; Arthropoda; Mandibulata; Pancrustacea; Hexapoda; Collembola; Symphypleona; Sminthuridae; Allacma,Allacma fusca
CAH0473048.1,1312874,Viruses; Riboviria; Orthornavirae; Pisuviricota; Pisoniviricetes; Nidovirales; Mesnidovirineae; Mesoniviridae; Hexponivirinae; Alphamesonivirus; Namcalivirus,Alphamesonivirus 1
CAH1254815.1,7740,cellular organisms; Eukaryota; Opisthokonta; Metazoa; Eumetazoa; Bilateria; Deuterostomia; Chordata; Cephalochordata; Leptocardii; Amphioxiformes; Branchiostomatidae; Branchiostoma,Branchiostoma lanceolatum
CAH2233666.1,348720,cellular organisms; Eukaryota; Opisthokonta; Metazoa; Eumetazoa; Bilateria; Protostomia; Ecdysozoa; Panarthropoda; Arthropoda; Mandibulata; Pancrustacea; Hexapoda; Insecta; Dicondylia; Pterygota; Neoptera; Endopterygota; Amphiesmenoptera; Lepidoptera; Glossata; Neolepidoptera; Heteroneura; Ditrysia; Obtectomera; Papilionoidea; Nymphalidae; Satyrinae; Satyrini; Parargina; Pararge; Pararge aegeria,Pararge aegeria aegeria
CAH8495599.1,39320,cellular organisms; Eukaryota; Opisthokonta; Metazoa; Eumetazoa; Bilateria; Protostomia; Spiralia; Lophotrochozoa; Platyhelminthes; Trematoda; Digenea; Strigeidida; Schistosomatoidea; Schistosomatidae; Heterobilharzia,Heterobilharzia americana
CAQ98420.1,585034,cellular organisms; Bacteria; Pseudomonadota; Gammaproteobacteria; Enterobacterales; Enterobacteriaceae; Escherichia; Escherichia coli,Escherichia coli IAI1
CRH33193.1,553,cellular organisms; Bacteria; Pseudomonadota; Gammaproteobacteria; Enterobacterales; Erwiniaceae; Pantoea,Pantoea ananatis
EAA3735500.1,,,
EAA9830873.1,,,
EAB9361057.1,,,
EAC1762530.1,,,
EAD0620839.1,,,
EAM9076889.1,,,
EAO1525643.1,,,
EAT7955785.1,,,
EBR1112020.1,,,
EBT9403026.1,,,
EBY1856811.1,,,
ECA4514224.1,,,
ECC4977636.1,,,
ECM7713040.1,,,
EDI5266256.1,,,
EDL4976219.1,,,
EDS38814.1,7176,cellular organisms; Eukaryota; Opisthokonta; Metazoa; Eumetazoa; Bilateria; Protostomia; Ecdysozoa; Panarthropoda; Arthropoda; Mandibulata; Pancrustacea; Hexapoda; Insecta; Dicondylia; Pterygota; Neoptera; Endopterygota; Diptera; Nematocera; Culicomorpha; Culicoidea; Culicidae; Culicinae; Culicini; Culex; Culex; Culex pipiens complex,Culex quinquefasciatus
EDS39771.1,7176,cellular organisms; Eukaryota; Opisthokonta; Metazoa; Eumetazoa; Bilateria; Protostomia; Ecdysozoa; Panarthropoda; Arthropoda; Mandibulata; Pancrustacea; Hexapoda; Insecta; Dicondylia; Pterygota; Neoptera; Endopterygota; Diptera; Nematocera; Culicomorpha; Culicoidea; Culicidae; Culicinae; Culicini; Culex; Culex; Culex pipiens complex,Culex quinquefasciatus
EDW54216.1,7238,cellular organisms; Eukaryota; Opisthokonta; Metazoa; Eumetazoa; Bilateria; Protostomia; Ecdysozoa; Panarthropoda; Arthropoda; Mandibulata; Pancrustacea; Hexapoda; Insecta; Dicondylia; Pterygota; Neoptera; Endopterygota; Diptera; Brachycera; Muscomorpha; Eremoneura; Cyclorrhapha; Schizophora; Acalyptratae; Ephydroidea; Drosophilidae; Drosophilinae; Drosophilini; Drosophila; Sophophora; melanogaster group; melanogaster subgroup,Drosophila sechellia
EEC0279182.1,,,
EER0590649.1,,,
EER6396827.1,,,
EES0898728.1,,,
EET1023712.1,,,
EEU9328760.1,,,
EEV2759810.1,,,
EEW0004372.1,,,
EEW5022658.1,,,
EEX9948604.1,,,
EEY4990114.1,,,
EEY7410456.1,,,
EEY9112299.1,,,
EEZ5377227.1,,,
EFA4737882.1,,,
EFB2553324.1,,,
EFB5953520.1,,,
EFC0456365.1,,,
EFD0509287.1,,,
EFD4315473.1,,,
EFD4934466.1,,,
EFD5180373.1,,,
EFD7847967.1,,,
EFE1722903.1,,,
EFE4925602.1,,,
EFF1966658.1,,,
EFG8594348.1,,,
EFH0443256.1,,,
EFH3235765.1,,,
EFH4404632.1,,,
EFH7977317.1,,,
EFJ1631638.1,,,
EFJ2339071.1,,,
EFJ6547190.1,,,
EFJ7504048.1,,,
EFJ79439.1,749531,cellular organisms; Bacteria; Pseudomonadota; Gammaproteobacteria; Enterobacterales; Enterobacteriaceae; Escherichia; Escherichia coli,Escherichia coli MS 69-1
EFK2732504.1,,,
EFK65576.1,679205,cellular organisms; Bacteria; Pseudomonadota; Gammaproteobacteria; Enterobacterales; Enterobacteriaceae; Escherichia; Escherichia coli,Escherichia coli MS 124-1
EFL6973616.1,,,
EFN0692215.1,,,
EFN7991366.1,,,
EFN8569120.1,,,
EFN8666021.1,,,
EFN9671964.1,,,
EFN9697184.1,,,
EFO0192446.1,,,
EFU4213999.1,,,
EFW8322862.1,,,
EGB36994.1,550687,cellular organisms; Bacteria; Pseudomonadota; Gammaproteobacteria; Enterobacterales; Enterobacteriaceae; Escherichia; Escherichia coli,Escherichia coli E482
EGD4703378.1,,,
EGD4810627.1,,,
EGD9983918.1,,,
EGE2520445.1,,,
EGI37312.1,656443,cellular organisms; Bacteria; Pseudomonadota; Gammaproteobacteria; Enterobacterales; Enterobacteriaceae; Escherichia; Escherichia coli,Escherichia coli TA271
EGL9765414.1,,,
EGM8302961.1,,,
EGW85107.1,754080,cellular organisms; Bacteria; Pseudomonadota; Gammaproteobacteria; Enterobacterales; Enterobacteriaceae; Escherichia; Escherichia coli,Escherichia coli 3030-1
EHH4436262.1,,,
EHK0743239.1,,,
EHM8934692.1,,,
EHP1564270.1,,,
EHU85456.1,868148,cellular organisms; Bacteria; Pseudomonadota; Gammaproteobacteria; Enterobacterales; Enterobacteriaceae; Escherichia; Escherichia coli,Escherichia coli DEC3F
EHU8853653.1,,,
EHX8473460.1,,,
EHY6202841.1,,,
EIC1780208.1,,,
EIF3591434.1,,,
EIG0411038.1,,,
EIG6039287.1,,,
EIH1708900.1,,,
EIL6004790.1,,,
EIM8140693.1,,,
EIN4976059.1,,,
EIS2606322.1,,,
EIV7583162.1,,,
EIW8468029.1,,,
EJD6377069.1,,,
EJF8152097.1,,,
EJM0081349.1,,,
EJR8143094.1,,,
EJZ2826874.1,,,
EJZ4109187.1,,,
EKB5167229.1,,,
EKE0409119.1,,,
EKG4686888.1,,,
EKQ3639046.1,,,
EKS1825431.1,,,
EKT4087960.1,,,
EKT4097716.1,,,
EKT4210043.1,,,
EKU2834699.1,,,
EKU7270595.1,,,
ESE16596.1,1269010,cellular organisms; Bacteria; Pseudomonadota; Gammaproteobacteria; Enterobacterales; Enterobacteriaceae; Escherichia; Escherichia coli,Escherichia coli 910096-2
GBU11804.1,1993870,cellular organisms; Bacteria; Pseudomonadota; Gammaproteobacteria; Enterobacterales; unclassified Enterobacterales,Enterobacterales bacterium
GCC17205.1,,,
HAH8765418.1,,,
HAH9321643.1,,,
HAJ0243099.1,,,
HAL2422041.1,,,
HAL7455259.1,,,
HAN1922622.1,,,
HAN6466145.1,,,
HAN6526286.1,,,
HAN7086962.1,,,
HAN7991163.1,,,
HAO3185411.1,,,
HAO9088469.1,,,
HAS1762668.1,,,
HAU70065.1,,,
HAW4037745.1,,,
HAW4280928.1,,,
HAX9724160.1,,,
HAY4866562.1,,,
HAZ7845566.1,,,
HBB1322892.1,,,
HBB1435128.1,,,
HBB8001348.1,,,
HBB8866172.1,,,
HBC5214609.1,,,
HBC6826362.1,,,
HBC9440245.1,,,
HBD0455671.1,,,
HBD3864765.1,,,
HBD5399360.1,,,
HBE2225349.1,,,
HBE2250247.1,,,
HBE5627831.1,,,
HBG9461483.1,,,
HBI3706140.1,,,
HBI9754911.1,,,
HBI9784170.1,,,
HBJ1011579.1,,,
HBJ1084033.1,,,
HBJ1423965.1,,,
HBN0560951.1,,,
HBP2587960.1,,,
HBP3303434.1,,,
HBQ0675475.1,,,
HBT14586.1,,,
HBU2116902.1,,,
HBU5841917.1,,,
HBV38128.1,,,
HBV40605.1,,,
HBV4174180.1,,,
HBY5067327.1,,,
HCB0334991.1,,,
HCD3305260.1,,,
HCI7212945.1,,,
HCJ5824250.1,,,
HCJ8952507.1,,,
HCJ9213487.1,,,
HCL6633901.1,,,
HCL7457507.1,,,
HCN5071986.1,,,
HCN5343840.1,,,
HCN6444341.1,,,
HCN8377166.1,,,
HCN8377978.1,,,
HCN8409170.1,,,
HCN8509122.1,,,
HCO0288042.1,,,
HCO1493669.1,,,
HCP7381049.1,,,
HCQ1596907.1,,,
HCR5549780.1,,,
HCR5837277.1,,,
HCR5976296.1,,,
HCS1434533.1,,,
HCS1593061.1,,,
HCS2463138.1,,,
HCS2721418.1,,,
HCS3348246.1,,,
HCS3360830.1,,,
HCS3420647.1,,,
HCS7549070.1,,,
HCS8289235.1,,,
HCT5398429.1,,,
HDD1285053.1,,,
HDD9773086.1,,,
HDK0286089.1,,,
HDK9124370.1,,,
HDR8944336.1,,,
HDS1082556.1,,,
HDS1159073.1,,,
HDS1303435.1,,,
HDS1303541.1,,,
KAF6398859.1,27622,cellular organisms; Eukaryota; Opisthokonta; Metazoa; Eumetazoa; Bilateria; Deuterostomia; Chordata; Craniata; Vertebrata; Gnathostomata; Teleostomi; Euteleostomi; Sarcopterygii; Dipnotetrapodomorpha; Tetrapoda; Amniota; Mammalia; Theria; Eutheria; Boreoeutheria; Laurasiatheria; Chiroptera; Microchiroptera; Molossidae; Molossus,Molossus molossus
KAJ3649101.1,2755281,cellular organisms; Eukaryota; Opisthokonta; Metazoa; Eumetazoa; Bilateria; Protostomia; Ecdysozoa; Panarthropoda; Arthropoda; Mandibulata; Pancrustacea; Hexapoda; Insecta; Dicondylia; Pterygota; Neoptera; Endopterygota; Coleoptera; Polyphaga; Cucujiformia; Tenebrionoidea; Tenebrionidae; Tenebrioninae; Zophobas,Zophobas morio
KFW96606.1,9209,cellular organisms; Eukaryota; Opisthokonta; Metazoa; Eumetazoa; Bilateria; Deuterostomia; Chordata; Craniata; Vertebrata; Gnathostomata; Teleostomi; Euteleostomi; Sarcopterygii; Dipnotetrapodomorpha; Tetrapoda; Amniota; Sauropsida; Sauria; Archelosauria; Archosauria; Dinosauria; Saurischia; Theropoda; Coelurosauria; Aves; Neognathae; Suliformes; Phalacrocoracidae; Phalacrocorax,Phalacrocorax carbo
MBA0250883.1,,,
MBA1032824.1,,,
MBA1844325.1,,,
MBB6857539.1,,,
MBB8898785.1,,,
MBC9185126.1,,,
MBE0996509.1,,,
MBE2917359.1,,,
MBE9688209.1,,,
MBE9729254.1,,,
MBE9732640.1,,,
MBH1459627.1,,,
MBH1731671.1,,,
MBI0830994.1,,,
MBI0853297.1,,,
MBI1033358.1,,,
MBN1087046.1,,,
MBN3289481.1,,,
MBN3314171.1,,,
MBN6207516.1,,,
MBN6210669.1,,,
MBO3757736.1,,,
MBO9107048.1,,,
MBP8077896.1,,,
MBS5383390.1,,,
MBS94397.1,,,
MBU5565357.1,,,
MBW0678369.1,,,
MBW9134084.1,,,
MBX9331478.1,,,
MBY7947065.1,,,
MBZ6448861.1,,,
MBZ8700625.1,,,
MBZ9082360.1,,,
MCA2160419.1,,,
MCC2632161.1,,,
MCC4765046.1,,,
MCD6743329.1,,,
MCE1676410.1,,,
MCE2073218.1,,,
MCF2050352.1,,,
MCF2051603.1,,,
MCI6599242.1,,,
MCJ8641590.1,,,
MCJ8703836.1,,,
MCK3280754.1,,,
MCL5622539.1,,,
MCM7084751.1,,,
MCN2638954.1,,,
MCN4880539.1,,,
MCO1585016.1,,,
MCO1592460.1,,,
MCP2230613.1,,,
MCS1252957.1,,,
MCS1297092.1,,,
MCU6128178.1,,,
MCU7719451.1,,,
MCU8600932.1,,,
MCU8648790.1,,,
MCV2061675.1,,,
MCV4902022.1,,,
MCV8944281.1,,,
MCW4574108.1,,,
MDB6985422.1,,,
MDD0440987.1,,,
MDD9361536.1,,,
MDF0546759.1,,,
MDG9695879.1,,,
MDJ2210692.1,,,
MDK0533720.1,,,
MDK0809125.1,,,
MDL1267465.1,,,
MDM1729015.1,,,
MDM7938704.1,,,
MDM8811928.1,,,
MDN2570709.1,,,
MHX19712.1,,,
MPC25122.1,,,
MRT58110.1,,,
MSL30939.1,,,
MWM22191.1,,,
NEH26184.1,,,
NP_043004.1,4577,cellular organisms; Eukaryota; Viridiplantae; Streptophyta; Streptophytina; Embryophyta; Tracheophyta; Euphyllophyta; Spermatophyta; Magnoliopsida; Mesangiospermae; Liliopsida; Petrosaviidae; commelinids; Poales; Poaceae; PACMAD clade; Panicoideae; Andropogonodae; Andropogoneae; Tripsacinae; Zea,Zea mays
NP_476778.1,7227,cellular organisms; Eukaryota; Opisthokonta; Metazoa; Eumetazoa; Bilateria; Protostomia; Ecdysozoa; Panarthropoda; Arthropoda; Mandibulata; Pancrustacea; Hexapoda; Insecta; Dicondylia; Pterygota; Neoptera; Endopterygota; Diptera; Brachycera; Muscomorpha; Eremoneura; Cyclorrhapha; Schizophora; Acalyptratae; Ephydroidea; Drosophilidae; Drosophilinae; Drosophilini; Drosophila; Sophophora; melanogaster group; melanogaster subgroup,Drosophila melanogaster
NPP26546.1,,,
NRK51938.1,,,
NWH99288.1,,,
NWI69319.1,,,
NWI77483.1,,,
NWO72434.1,,,
NWR19360.1,,,
NWS15745.1,,,
NWS24299.1,,,
NWT39996.1,,,
NWT82177.1,,,
NWU02814.1,,,
NWU92880.1,,,
NWV97333.1,,,
NWX85561.1,,,
NWY53657.1,,,
NXA82862.1,,,
NXA99188.1,,,
NXF25325.1,,,
NXG08207.1,,,
NXH30619.1,,,
NXI49552.1,,,
NXI60982.1,,,
NXJ42325.1,,,
NXK83129.1,,,
NXL18042.1,,,
NXN81308.1,,,
NXO72888.1,,,
NXP24380.1,,,
NXQ71690.1,,,
NXQ80997.1,,,
NXU82516.1,,,
NXU92316.1,,,
NXV06335.1,,,
NXV54428.1,,,
NYS35847.1,,,
NYZ45691.1,,,
OAF25392.1,562,cellular organisms; Bacteria; Pseudomonadota; Gammaproteobacteria; Enterobacterales; Enterobacteriaceae; Escherichia,Escherichia coli
OSK35637.1,550686,cellular organisms; Bacteria; Pseudomonadota; Gammaproteobacteria; Enterobacterales; Enterobacteriaceae; Escherichia; Escherichia coli,Escherichia coli E267
OSL97256.1,656427,cellular organisms; Bacteria; Pseudomonadota; Gammaproteobacteria; Enterobacterales; Enterobacteriaceae; Escherichia; Escherichia coli,Escherichia coli T426
pir9606,,,
PQN14831.1,623,cellular organisms; Bacteria; Pseudomonadota; Gammaproteobacteria; Enterobacterales; Enterobacteriaceae; Shigella,Shigella flexneri
QBA55489.1,2507127,Viruses; Riboviria; Orthornavirae; Lenarviricota; Amabiliviricetes; Wolframvirales; Narnaviridae; Narnavirus; unclassified Narnavirus,Aedes taeniorhynchus narnavirus
QBQ79832.1,2508178,Viruses; Duplodnaviria; Heunggongvirae; Uroviricota; Caudoviricetes; Straboviridae; Tevenvirinae; Tequatrovirus; Tequatrovirus teqdroes,Escherichia phage vB_EcoM_R5505
QGA70891.1,325676,Viruses; Riboviria; Orthornavirae; Pisuviricota; Pisoniviricetes; Nidovirales; Mesnidovirineae; Mesoniviridae; Hexponivirinae; Alphamesonivirus; Namcalivirus; Alphamesonivirus 1,Nam Dinh virus
QGA70896.1,1803034,Viruses; Riboviria; Orthornavirae; Negarnaviricota; Haploviricotina; Monjiviricetes; Mononegavirales; Rhabdoviridae; Alpharhabdovirinae; Merhavirus; Merhavirus merida,Merida virus
QGA70902.1,2010272,Viruses; Riboviria; Orthornavirae; Negarnaviricota; Haploviricotina; Monjiviricetes; Mononegavirales; Xinmoviridae; Doupovirus; Doupovirus australiaense,Culex mononega-like virus 2
QGA87310.1,2010272,Viruses; Riboviria; Orthornavirae; Negarnaviricota; Haploviricotina; Monjiviricetes; Mononegavirales; Xinmoviridae; Doupovirus; Doupovirus australiaense,Culex mononega-like virus 2
QGA87337.1,2665440,Viruses; Riboviria; Orthornavirae; Kitrinoviricota; Alsuviricetes; Martellivirales; Virgaviridae; unclassified Virgaviridae,Hammarskog virga-like virus
QJI52037.1,1955144,Viruses; Riboviria; Orthornavirae; Pisuviricota; Pisoniviricetes; Picornavirales; Dicistroviridae; unclassified Dicistroviridae,Dicistroviridae sp.
QNJ99580.1,2304515,Viruses; Riboviria; Orthornavirae; Negarnaviricota; Haploviricotina; Monjiviricetes; Mononegavirales; Rhabdoviridae; unclassified Rhabdoviridae,Culex rhabdovirus
QNJ99581.1,2304515,Viruses; Riboviria; Orthornavirae; Negarnaviricota; Haploviricotina; Monjiviricetes; Mononegavirales; Rhabdoviridae; unclassified Rhabdoviridae,Culex rhabdovirus
QNJ99582.1,2304515,Viruses; Riboviria; Orthornavirae; Negarnaviricota; Haploviricotina; Monjiviricetes; Mononegavirales; Rhabdoviridae; unclassified Rhabdoviridae,Culex rhabdovirus
QQN95303.1,1922926,Viruses; Riboviria; unclassified Riboviria; unclassified RNA viruses ShiM-2016,Hubei mosquito virus 2
QQN95305.1,1922926,Viruses; Riboviria; unclassified Riboviria; unclassified RNA viruses ShiM-2016,Hubei mosquito virus 2
QQN95332.1,1922926,Viruses; Riboviria; unclassified Riboviria; unclassified RNA viruses ShiM-2016,Hubei mosquito virus 2
QRD99901.1,2805783,Viruses; Riboviria; Orthornavirae; Kitrinoviricota; Alsuviricetes; Martellivirales; Virgaviridae; unclassified Virgaviridae,Alexandroupolis virga-like virus
QRW41844.1,1803034,Viruses; Riboviria; Orthornavirae; Negarnaviricota; Haploviricotina; Monjiviricetes; Mononegavirales; Rhabdoviridae; Alpharhabdovirinae; Merhavirus; Merhavirus merida,Merida virus
QRW42783.1,1923335,Viruses; Riboviria; unclassified Riboviria; unclassified RNA viruses ShiM-2016,Hubei virga-like virus 2
QTT60750.1,1312874,Viruses; Riboviria; Orthornavirae; Pisuviricota; Pisoniviricetes; Nidovirales; Mesnidovirineae; Mesoniviridae; Hexponivirinae; Alphamesonivirus; Namcalivirus,Alphamesonivirus 1
QTW97786.1,3052554,Viruses; Riboviria; Orthornavirae; Negarnaviricota; Polyploviricotina; Ellioviricetes; Bunyavirales; Phasmaviridae; Orthophasmavirus,Orthophasmavirus wuhanense
QTW97796.1,2585031,Viruses; Riboviria; unclassified Riboviria,Riboviria sp.
QTW97811.1,1955139,Viruses; Riboviria; Orthornavirae; Negarnaviricota; Haploviricotina; Monjiviricetes; Mononegavirales; unclassified Mononegavirales,Mononegavirales sp.
QTW97817.1,936308,Viruses; Riboviria; Orthornavirae; Negarnaviricota; Haploviricotina; Monjiviricetes; Mononegavirales; Rhabdoviridae; Alpharhabdovirinae; Merhavirus; Merhavirus tritaeniorhynchus,Culex tritaeniorhynchus rhabdovirus
QTW97826.1,2809151,Viruses; Riboviria; Orthornavirae; Negarnaviricota; Haploviricotina; Monjiviricetes; Mononegavirales; Xinmoviridae; Anphevirus; unclassified Anphevirus,Anphevirus sp.
QTW97828.1,2809151,Viruses; Riboviria; Orthornavirae; Negarnaviricota; Haploviricotina; Monjiviricetes; Mononegavirales; Xinmoviridae; Anphevirus; unclassified Anphevirus,Anphevirus sp.
QTW97829.1,2809151,Viruses; Riboviria; Orthornavirae; Negarnaviricota; Haploviricotina; Monjiviricetes; Mononegavirales; Xinmoviridae; Anphevirus; unclassified Anphevirus,Anphevirus sp.
QXN75900.1,2835934,Viruses; Duplodnaviria; Heunggongvirae; Uroviricota; Caudoviricetes; Straboviridae; Tevenvirinae; Tequatrovirus; unclassified Tequatrovirus,Escherichia phage BF15
QYW05743.1,2809670,Viruses; Riboviria; Orthornavirae; Negarnaviricota; Polyploviricotina; Ellioviricetes; Bunyavirales; Phasmaviridae; unclassified Phasmaviridae,Phasmaviridae sp.
RDQ90250.1,562,cellular organisms; Bacteria; Pseudomonadota; Gammaproteobacteria; Enterobacterales; Enterobacteriaceae; Escherichia,Escherichia coli
ROR13122.1,2485126,cellular organisms; Bacteria; Pseudomonadota; Gammaproteobacteria; Enterobacterales; Erwiniaceae; Erwinia; unclassified Erwinia,Erwinia sp. JUb26
RWV31443.1,562,cellular organisms; Bacteria; Pseudomonadota; Gammaproteobacteria; Enterobacterales; Enterobacteriaceae; Escherichia,Escherichia coli
SJE86251.1,624,cellular organisms; Bacteria; Pseudomonadota; Gammaproteobacteria; Enterobacterales; Enterobacteriaceae; Shigella,Shigella sonnei
SQL34079.1,562,cellular organisms; Bacteria; Pseudomonadota; Gammaproteobacteria; Enterobacterales; Enterobacteriaceae; Escherichia,Escherichia coli
STI69576.1,562,cellular organisms; Bacteria; Pseudomonadota; Gammaproteobacteria; Enterobacterales; Enterobacteriaceae; Escherichia,Escherichia coli
STK44503.1,562,cellular organisms; Bacteria; Pseudomonadota; Gammaproteobacteria; Enterobacterales; Enterobacteriaceae; Escherichia,Escherichia coli
SVE77201.1,42856,cellular organisms; Eukaryota; Opisthokonta; Metazoa; Eumetazoa; Bilateria; Protostomia; Ecdysozoa; Panarthropoda; Arthropoda; Mandibulata; Pancrustacea; Crustacea; Branchiopoda; Phyllopoda; Diplostraca; Cladocera; Anomopoda; Daphniidae; Daphnia,Daphnia lumholtzi
UBJ26108.1,2863998,Viruses; Riboviria; Orthornavirae; Pisuviricota; Pisoniviricetes; Picornavirales; unclassified Picornavirales,Sichuan mosquito picorna-like virus
UOL25799.1,1803034,Viruses; Riboviria; Orthornavirae; Negarnaviricota; Haploviricotina; Monjiviricetes; Mononegavirales; Rhabdoviridae; Alpharhabdovirinae; Merhavirus; Merhavirus merida,Merida virus
UOL25803.1,1803034,Viruses; Riboviria; Orthornavirae; Negarnaviricota; Haploviricotina; Monjiviricetes; Mononegavirales; Rhabdoviridae; Alpharhabdovirinae; Merhavirus; Merhavirus merida,Merida virus
UUG74026.1,936308,Viruses; Riboviria; Orthornavirae; Negarnaviricota; Haploviricotina; Monjiviricetes; Mononegavirales; Rhabdoviridae; Alpharhabdovirinae; Merhavirus; Merhavirus tritaeniorhynchus,Culex tritaeniorhynchus rhabdovirus
UUG74062.1,1923779,Viruses; Riboviria; unclassified Riboviria; unclassified RNA viruses ShiM-2016,Zhejiang mosquito virus 3
UUG74110.1,2952074,Viruses; Riboviria; unclassified Riboviria,XiangYun mono-chu-like virus 7
UUG74111.1,2952074,Viruses; Riboviria; unclassified Riboviria,XiangYun mono-chu-like virus 7
UUG74111.1,2952074,Viruses; Riboviria; unclassified Riboviria,XiangYun mono-chu-like virus 7
UUG74152.1,185638,Viruses; Monodnaviria; Shotokuvirae; Cossaviricota; Quintoviricetes; Piccovirales; Parvoviridae; Densovirinae; Protoambidensovirus; Protoambidensovirus dipteran1,Culex pipiens densovirus
UUG74160.1,2010272,Viruses; Riboviria; Orthornavirae; Negarnaviricota; Haploviricotina; Monjiviricetes; Mononegavirales; Xinmoviridae; Doupovirus; Doupovirus australiaense,Culex mononega-like virus 2
UUG74167.1,1803034,Viruses; Riboviria; Orthornavirae; Negarnaviricota; Haploviricotina; Monjiviricetes; Mononegavirales; Rhabdoviridae; Alpharhabdovirinae; Merhavirus; Merhavirus merida,Merida virus
UUG74168.1,1803034,Viruses; Riboviria; Orthornavirae; Negarnaviricota; Haploviricotina; Monjiviricetes; Mononegavirales; Rhabdoviridae; Alpharhabdovirinae; Merhavirus; Merhavirus merida,Merida virus
UUG74170.1,1803034,Viruses; Riboviria; Orthornavirae; Negarnaviricota; Haploviricotina; Monjiviricetes; Mononegavirales; Rhabdoviridae; Alpharhabdovirinae; Merhavirus; Merhavirus merida,Merida virus
UUV42163.1,2970551,Viruses; Riboviria; Orthornavirae; Pisuviricota; Pisoniviricetes; Picornavirales; Iflaviridae; Iflavirus; unclassified Iflavirus,Hanko iflavirus 1
VCY83031.1,562,cellular organisms; Bacteria; Pseudomonadota; Gammaproteobacteria; Enterobacterales; Enterobacteriaceae; Escherichia,Escherichia coli
VDI32896.1,29158,cellular organisms; Eukaryota; Opisthokonta; Metazoa; Eumetazoa; Bilateria; Protostomia; Spiralia; Lophotrochozoa; Mollusca; Bivalvia; Autobranchia; Pteriomorphia; Mytilida; Mytiloidea; Mytilidae; Mytilinae; Mytilus,Mytilus galloprovincialis
VFS35412.1,90371,cellular organisms; Bacteria; Pseudomonadota; Gammaproteobacteria; Enterobacterales; Enterobacteriaceae; Salmonella; Salmonella enterica; Salmonella enterica subsp. enterica,Salmonella enterica subsp. enterica serovar Typhimurium
WEI47429.1,1922926,Viruses; Riboviria; unclassified Riboviria; unclassified RNA viruses ShiM-2016,Hubei mosquito virus 2
WIW69509.1,1922926,Viruses; Riboviria; unclassified Riboviria; unclassified RNA viruses ShiM-2016,Hubei mosquito virus 2
WJJ55404.1,2304515,Viruses; Riboviria; Orthornavirae; Negarnaviricota; Haploviricotina; Monjiviricetes; Mononegavirales; Rhabdoviridae; unclassified Rhabdoviridae,Culex rhabdovirus
WP_001099655.1,543,cellular organisms; Bacteria; Pseudomonadota; Gammaproteobacteria; Enterobacterales,Enterobacteriaceae
WP_001105958.1,1280,cellular organisms; Bacteria; Terrabacteria group; Bacillota; Bacilli; Bacillales; Staphylococcaceae; Staphylococcus,Staphylococcus aureus
WP_001135280.1,543,cellular organisms; Bacteria; Pseudomonadota; Gammaproteobacteria; Enterobacterales,Enterobacteriaceae
WP_012669027.1,79967,cellular organisms; Bacteria; Pseudomonadota; Gammaproteobacteria; Enterobacterales; Erwiniaceae; Erwinia,Erwinia pyrifoliae
WP_028725013.1,553,cellular organisms; Bacteria; Pseudomonadota; Gammaproteobacteria; Enterobacterales; Erwiniaceae; Pantoea,Pantoea ananatis
WP_032190682.1,562,cellular organisms; Bacteria; Pseudomonadota; Gammaproteobacteria; Enterobacterales; Enterobacteriaceae; Escherichia,Escherichia coli
WP_032234869.1,562,cellular organisms; Bacteria; Pseudomonadota; Gammaproteobacteria; Enterobacterales; Enterobacteriaceae; Escherichia,Escherichia coli
WP_050488451.1,562,cellular organisms; Bacteria; Pseudomonadota; Gammaproteobacteria; Enterobacterales; Enterobacteriaceae; Escherichia,Escherichia coli
WP_050489975.1,562,cellular organisms; Bacteria; Pseudomonadota; Gammaproteobacteria; Enterobacterales; Enterobacteriaceae; Escherichia,Escherichia coli
WP_105929217.1,562,cellular organisms; Bacteria; Pseudomonadota; Gammaproteobacteria; Enterobacterales; Enterobacteriaceae; Escherichia,Escherichia coli
WP_129720294.1,562,cellular organisms; Bacteria; Pseudomonadota; Gammaproteobacteria; Enterobacterales; Enterobacteriaceae; Escherichia,Escherichia coli
WP_133300007.1,562,cellular organisms; Bacteria; Pseudomonadota; Gammaproteobacteria; Enterobacterales; Enterobacteriaceae; Escherichia,Escherichia coli
WP_149012114.1,562,cellular organisms; Bacteria; Pseudomonadota; Gammaproteobacteria; Enterobacterales; Enterobacteriaceae; Escherichia,Escherichia coli
WP_152914432.1,561,cellular organisms; Bacteria; Pseudomonadota; Gammaproteobacteria; Enterobacterales; Enterobacteriaceae,Escherichia
WP_159189579.1,562,cellular organisms; Bacteria; Pseudomonadota; Gammaproteobacteria; Enterobacterales; Enterobacteriaceae; Escherichia,Escherichia coli
WP_205253587.1,562,cellular organisms; Bacteria; Pseudomonadota; Gammaproteobacteria; Enterobacterales; Enterobacteriaceae; Escherichia,Escherichia coli
WP_257976832.1,670,cellular organisms; Bacteria; Pseudomonadota; Gammaproteobacteria; Vibrionales; Vibrionaceae; Vibrio; Vibrio harveyi group,Vibrio parahaemolyticus
WP_270586100.1,562,cellular organisms; Bacteria; Pseudomonadota; Gammaproteobacteria; Enterobacterales; Enterobacteriaceae; Escherichia,Escherichia coli
XP_002002882.1,7230,cellular organisms; Eukaryota; Opisthokonta; Metazoa; Eumetazoa; Bilateria; Protostomia; Ecdysozoa; Panarthropoda; Arthropoda; Mandibulata; Pancrustacea; Hexapoda; Insecta; Dicondylia; Pterygota; Neoptera; Endopterygota; Diptera; Brachycera; Muscomorpha; Eremoneura; Cyclorrhapha; Schizophora; Acalyptratae; Ephydroidea; Drosophilidae; Drosophilinae; Drosophilini; Drosophila; Drosophila; repleta group; mulleri subgroup; mojavensis species complex,Drosophila mojavensis
XP_003435980.1,180454,cellular organisms; Eukaryota; Opisthokonta; Metazoa; Eumetazoa; Bilateria; Protostomia; Ecdysozoa; Panarthropoda; Arthropoda; Mandibulata; Pancrustacea; Hexapoda; Insecta; Dicondylia; Pterygota; Neoptera; Endopterygota; Diptera; Nematocera; Culicomorpha; Culicoidea; Culicidae; Anophelinae; Anopheles; Cellia; Pyretophorus; gambiae species complex; Anopheles gambiae,Anopheles gambiae str. PEST
XP_005231212.1,8954,cellular organisms; Eukaryota; Opisthokonta; Metazoa; Eumetazoa; Bilateria; Deuterostomia; Chordata; Craniata; Vertebrata; Gnathostomata; Teleostomi; Euteleostomi; Sarcopterygii; Dipnotetrapodomorpha; Tetrapoda; Amniota; Sauropsida; Sauria; Archelosauria; Archosauria; Dinosauria; Saurischia; Theropoda; Coelurosauria; Aves; Neognathae; Falconiformes; Falconidae; Falco,Falco peregrinus
XP_008323364.1,244447,cellular organisms; Eukaryota; Opisthokonta; Metazoa; Eumetazoa; Bilateria; Deuterostomia; Chordata; Craniata; Vertebrata; Gnathostomata; Teleostomi; Euteleostomi; Actinopterygii; Actinopteri; Neopterygii; Teleostei; Osteoglossocephalai; Clupeocephala; Euteleosteomorpha; Neoteleostei; Eurypterygia; Ctenosquamata; Acanthomorphata; Euacanthomorphacea; Percomorphaceae; Carangaria; Pleuronectiformes; Pleuronectoidei; Cynoglossidae; Cynoglossinae; Cynoglossus,Cynoglossus semilaevis
XP_013335878.1,5804,cellular organisms; Eukaryota; Sar; Alveolata; Apicomplexa; Conoidasida; Coccidia; Eucoccidiorida; Eimeriorina; Eimeriidae; Eimeria,Eimeria maxima
XP_031567161.1,6105,cellular organisms; Eukaryota; Opisthokonta; Metazoa; Eumetazoa; Cnidaria; Anthozoa; Hexacorallia; Actiniaria; Actiniidae; Actinia,Actinia tenebrosa
XP_032697184.1,76717,cellular organisms; Eukaryota; Opisthokonta; Metazoa; Eumetazoa; Bilateria; Deuterostomia; Chordata; Craniata; Vertebrata; Gnathostomata; Teleostomi; Euteleostomi; Sarcopterygii; Dipnotetrapodomorpha; Tetrapoda; Amniota; Mammalia; Theria; Eutheria; Boreoeutheria; Laurasiatheria; Carnivora; Caniformia; Musteloidea; Mustelidae; Lutrinae; Lontra,Lontra canadensis
XP_032899752.1,386614,cellular organisms; Eukaryota; Opisthokonta; Metazoa; Eumetazoa; Bilateria; Deuterostomia; Chordata; Craniata; Vertebrata; Gnathostomata; Chondrichthyes; Elasmobranchii; Batoidea; Rajiformes; Rajidae; Amblyraja,Amblyraja radiata
XP_033903839.1,7906,cellular organisms; Eukaryota; Opisthokonta; Metazoa; Eumetazoa; Bilateria; Deuterostomia; Chordata; Craniata; Vertebrata; Gnathostomata; Teleostomi; Euteleostomi; Actinopterygii; Actinopteri; Chondrostei; Acipenseriformes; Acipenseroidei; Acipenseridae; Acipenserinae; Acipenserini; Acipenser,Acipenser ruthenus
XP_034958733.1,8524,cellular organisms; Eukaryota; Opisthokonta; Metazoa; Eumetazoa; Bilateria; Deuterostomia; Chordata; Craniata; Vertebrata; Gnathostomata; Teleostomi; Euteleostomi; Sarcopterygii; Dipnotetrapodomorpha; Tetrapoda; Amniota; Sauropsida; Sauria; Lepidosauria; Squamata; Bifurcata; Unidentata; Episquamata; Laterata; Lacertibaenia; Lacertidae; Lacertinae; Zootoca,Zootoca vivipara
XP_036376639.1,118141,cellular organisms; Eukaryota; Opisthokonta; Metazoa; Eumetazoa; Bilateria; Deuterostomia; Chordata; Craniata; Vertebrata; Gnathostomata; Teleostomi; Euteleostomi; Actinopterygii; Actinopteri; Neopterygii; Teleostei; Elopocephalai; Elopocephala; Elopomorpha; Elopiformes; Megalopidae; Megalops,Megalops cyprinoides
XP_036396593.1,118141,cellular organisms; Eukaryota; Opisthokonta; Metazoa; Eumetazoa; Bilateria; Deuterostomia; Chordata; Craniata; Vertebrata; Gnathostomata; Teleostomi; Euteleostomi; Actinopterygii; Actinopteri; Neopterygii; Teleostei; Elopocephalai; Elopocephala; Elopomorpha; Elopiformes; Megalopidae; Megalops,Megalops cyprinoides
XP_037786795.1,6687,cellular organisms; Eukaryota; Opisthokonta; Metazoa; Eumetazoa; Bilateria; Protostomia; Ecdysozoa; Panarthropoda; Arthropoda; Mandibulata; Pancrustacea; Crustacea; Multicrustacea; Malacostraca; Eumalacostraca; Eucarida; Decapoda; Dendrobranchiata; Penaeoidea; Penaeidae; Penaeus,Penaeus monodon
XP_037882749.1,7396,cellular organisms; Eukaryota; Opisthokonta; Metazoa; Eumetazoa; Bilateria; Protostomia; Ecdysozoa; Panarthropoda; Arthropoda; Mandibulata; Pancrustacea; Hexapoda; Insecta; Dicondylia; Pterygota; Neoptera; Endopterygota; Diptera; Brachycera; Muscomorpha; Eremoneura; Cyclorrhapha; Schizophora; Calyptratae; Hippoboscoidea; Glossinidae; Glossina; Nemorhina,Glossina fuscipes
XP_037950092.1,139649,cellular organisms; Eukaryota; Opisthokonta; Metazoa; Eumetazoa; Bilateria; Protostomia; Ecdysozoa; Panarthropoda; Arthropoda; Mandibulata; Pancrustacea; Hexapoda; Insecta; Dicondylia; Pterygota; Neoptera; Endopterygota; Diptera; Brachycera; Muscomorpha; Eremoneura; Cyclorrhapha; Schizophora; Acalyptratae; Diopsoidea; Diopsidae; Teleopsis,Teleopsis dalmanni
XP_038117440.1,7176,cellular organisms; Eukaryota; Opisthokonta; Metazoa; Eumetazoa; Bilateria; Protostomia; Ecdysozoa; Panarthropoda; Arthropoda; Mandibulata; Pancrustacea; Hexapoda; Insecta; Dicondylia; Pterygota; Neoptera; Endopterygota; Diptera; Nematocera; Culicomorpha; Culicoidea; Culicidae; Culicinae; Culicini; Culex; Culex; Culex pipiens complex,Culex quinquefasciatus
XP_039431698.1,42434,cellular organisms; Eukaryota; Opisthokonta; Metazoa; Eumetazoa; Bilateria; Protostomia; Ecdysozoa; Panarthropoda; Arthropoda; Mandibulata; Pancrustacea; Hexapoda; Insecta; Dicondylia; Pterygota; Neoptera; Endopterygota; Diptera; Nematocera; Culicomorpha; Culicoidea; Culicidae; Culicinae; Culicini; Culex; Culex; Culex pipiens complex; Culex pipiens,Culex pipiens pallens
XP_040168530.1,7173,cellular organisms; Eukaryota; Opisthokonta; Metazoa; Eumetazoa; Bilateria; Protostomia; Ecdysozoa; Panarthropoda; Arthropoda; Mandibulata; Pancrustacea; Hexapoda; Insecta; Dicondylia; Pterygota; Neoptera; Endopterygota; Diptera; Nematocera; Culicomorpha; Culicoidea; Culicidae; Anophelinae; Anopheles; Cellia; Pyretophorus; gambiae species complex,Anopheles arabiensis
XP_041084420.1,7913,cellular organisms; Eukaryota; Opisthokonta; Metazoa; Eumetazoa; Bilateria; Deuterostomia; Chordata; Craniata; Vertebrata; Gnathostomata; Teleostomi; Euteleostomi; Actinopterygii; Actinopteri; Chondrostei; Acipenseriformes; Acipenseroidei; Polyodontidae; Polyodontinae; Polyodontini; Polyodon,Polyodon spathula
XP_052897899.1,186751,cellular organisms; Eukaryota; Opisthokonta; Metazoa; Eumetazoa; Bilateria; Protostomia; Ecdysozoa; Panarthropoda; Arthropoda; Mandibulata; Pancrustacea; Hexapoda; Insecta; Dicondylia; Pterygota; Neoptera; Endopterygota; Diptera; Nematocera; Culicomorpha; Culicoidea; Culicidae; Anophelinae; Anopheles; Cellia; Myzomyia,Anopheles moucheti
XP_053675201.1,185578,cellular organisms; Eukaryota; Opisthokonta; Metazoa; Eumetazoa; Bilateria; Protostomia; Ecdysozoa; Panarthropoda; Arthropoda; Mandibulata; Pancrustacea; Hexapoda; Insecta; Dicondylia; Pterygota; Neoptera; Endopterygota; Diptera; Nematocera; Culicomorpha; Culicoidea; Culicidae; Anophelinae; Anopheles; Cellia; Neomyzomyia; ardensis group; nili species complex,Anopheles nili
XP_055597647.1,190385,cellular organisms; Eukaryota; Opisthokonta; Metazoa; Eumetazoa; Bilateria; Protostomia; Ecdysozoa; Panarthropoda; Arthropoda; Mandibulata; Pancrustacea; Hexapoda; Insecta; Dicondylia; Pterygota; Neoptera; Endopterygota; Diptera; Nematocera; Culicomorpha; Culicoidea; Culicidae; Culicinae; Uranotaeniini; Uranotaenia; Uranotaenia,Uranotaenia lowii
XP_057374509.1,120202,cellular organisms; Eukaryota; Opisthokonta; Metazoa; Eumetazoa; Bilateria; Protostomia; Ecdysozoa; Panarthropoda; Arthropoda; Mandibulata; Pancrustacea; Crustacea; Branchiopoda; Phyllopoda; Diplostraca; Cladocera; Anomopoda; Daphniidae; Daphnia,Daphnia carinata
YP_007877501.1,673515,Viruses; Riboviria; Orthornavirae; Kitrinoviricota; Flasuviricetes; Amarillovirales; Flaviviridae; Flavivirus; unclassified Flavivirus; Quang Binh virus,Mosquito flavivirus
YP_009302387.1,1608141,Viruses; Riboviria; Orthornavirae; Negarnaviricota; Haploviricotina; Monjiviricetes; Mononegavirales; Xinmoviridae; Anphevirus; Anphevirus xinchengense,Xincheng Mosquito Virus
YP_009305131.1,1608126,Viruses; Riboviria; Orthornavirae; Negarnaviricota; Polyploviricotina; Ellioviricetes; Bunyavirales; Phasmaviridae; Orthophasmavirus; Orthophasmavirus wuhanense,Wuhan mosquito virus 1
YP_009305133.1,1608126,Viruses; Riboviria; Orthornavirae; Negarnaviricota; Polyploviricotina; Ellioviricetes; Bunyavirales; Phasmaviridae; Orthophasmavirus; Orthophasmavirus wuhanense,Wuhan mosquito virus 1
YP_009448183.1,2018471,Viruses; Riboviria; Orthornavirae; Pisuviricota; Pisoniviricetes; Picornavirales; Iflaviridae; Iflavirus; unclassified Iflavirus,Armigeres iflavirus
YP_009505590.1,1238455,Viruses; Riboviria; Orthornavirae; Pisuviricota; Pisoniviricetes; Nidovirales; Mesnidovirineae; Mesoniviridae; Hexponivirinae; Alphamesonivirus; Karsalivirus; Alphamesonivirus 3,Dak Nong virus
YP_009552115.1,1803034,Viruses; Riboviria; Orthornavirae; Negarnaviricota; Haploviricotina; Monjiviricetes; Mononegavirales; Rhabdoviridae; Alpharhabdovirinae; Merhavirus; Merhavirus merida,Merida virus
YP_010784563.1,2010272,Viruses; Riboviria; Orthornavirae; Negarnaviricota; Haploviricotina; Monjiviricetes; Mononegavirales; Xinmoviridae; Doupovirus; Doupovirus australiaense,Culex mononega-like virus 2
YP_010798197.1,2651942,Viruses; Riboviria; Orthornavirae; Negarnaviricota; Haploviricotina; Monjiviricetes; Mononegavirales; Mymonaviridae; Phyllomonavirus; Phyllomonavirus gysingense,Gysinge virus
YP_010798198.1,2651942,Viruses; Riboviria; Orthornavirae; Negarnaviricota; Haploviricotina; Monjiviricetes; Mononegavirales; Mymonaviridae; Phyllomonavirus; Phyllomonavirus gysingense,Gysinge virus
